id,title,score,upvote_ratio,num_comments,created_utc,created_datetime,hour,day_of_week,day_name,is_weekend,author,is_self_post,url,subreddit,post_type,flair,is_stickied,engagement_score,comments_per_score,days_old,normalized_engagement
1lzieib,"Moronic Monday - July 14, 2025",3,1.0,8,1752487255.0,2025-07-14 06:00:55,6,0,Monday,False,AutoModerator,True,https://www.reddit.com/r/sysadmin/comments/1lzieib/moronic_monday_july_14_2025/,sysadmin,hot,General Discussion,True,4.5,2.0,1,2.25
1luf1ql,Patch Tuesday Megathread (2025-07-08),99,0.96,287,1751947287.0,2025-07-08 00:01:27,0,1,Tuesday,False,AutoModerator,True,https://www.reddit.com/r/sysadmin/comments/1luf1ql/patch_tuesday_megathread_20250708/,sysadmin,hot,General Discussion,True,155.39999999999998,2.87,7,19.424999999999997
1m00bl9,Cloudflare DNS appears to be down,608,0.97,124,1752531287.0,2025-07-14 18:14:47,18,0,Monday,False,Consistent-Hat-8008,True,https://www.reddit.com/r/sysadmin/comments/1m00bl9/cloudflare_dns_appears_to_be_down/,sysadmin,hot,,False,462.79999999999995,0.20361247947454844,0,462.79999999999995
1lzlr0v,Your lack of preparation is not my emergency,1049,0.95,348,1752497986.0,2025-07-14 08:59:46,8,0,Monday,False,Ivy1974,True,https://www.reddit.com/r/sysadmin/comments/1lzlr0v/your_lack_of_preparation_is_not_my_emergency/,sysadmin,hot,,False,838.6999999999999,0.3314285714285714,0,838.6999999999999
1m04xce,"San Francisco rolls out Microsoft’s Copilot AI for 30,000 city workers",90,0.85,67,1752543373.0,2025-07-14 21:36:13,21,0,Monday,False,Darth_Malgus_1701,True,https://www.reddit.com/r/sysadmin/comments/1m04xce/san_francisco_rolls_out_microsofts_copilot_ai_for/,sysadmin,hot,Microsoft,False,83.1,0.7362637362637363,0,83.1
1m0a4lq,Overlooked Microsoft 365 security setting,33,0.79,57,1752559697.0,2025-07-15 02:08:17,2,1,Tuesday,False,KavyaJune,True,https://www.reddit.com/r/sysadmin/comments/1m0a4lq/overlooked_microsoft_365_security_setting/,sysadmin,hot,,False,40.199999999999996,1.6764705882352942,0,40.199999999999996
1lzvurj,"""At this point I'm looking for reasons NOT to switch from Entra/Azure back to Google Workspace."" - My boss.",204,0.93,169,1752521029.0,2025-07-14 15:23:49,15,0,Monday,False,Bad_Pointer,True,https://www.reddit.com/r/sysadmin/comments/1lzvurj/at_this_point_im_looking_for_reasons_not_to/,sysadmin,hot,General Discussion,False,193.49999999999997,0.824390243902439,0,193.49999999999997
1lzu8k1,"When your startup's ""exit strategy"" becomes an actual exit strategy (for sanity)",73,0.91,13,1752517491.0,2025-07-14 14:24:51,14,0,Monday,False,socrplaycj,True,https://www.reddit.com/r/sysadmin/comments/1lzu8k1/when_your_startups_exit_strategy_becomes_an/,sysadmin,hot,,False,54.99999999999999,0.17567567567567569,0,54.99999999999999
1m00c1i,Cloudflare down?,24,0.86,9,1752531317.0,2025-07-14 18:15:17,18,0,Monday,False,BabyEaglet,True,https://www.reddit.com/r/sysadmin/comments/1m00c1i/cloudflare_down/,sysadmin,hot,General Discussion,False,19.499999999999996,0.36,0,19.499999999999996
1m0crvy,When chasing document versions becomes a full-time job,2,0.55,3,1752569947.0,2025-07-15 04:59:07,4,1,Tuesday,False,Techie_Justin,True,https://www.reddit.com/r/sysadmin/comments/1m0crvy/when_chasing_document_versions_becomes_a_fulltime/,sysadmin,hot,,False,2.3,1.0,0,2.3
1m0el30,Conducting my first interview as an IT admin – what should I ask and look out for?,2,0.62,20,1752576663.0,2025-07-15 06:51:03,6,1,Tuesday,False,lmtcdev,True,https://www.reddit.com/r/sysadmin/comments/1m0el30/conducting_my_first_interview_as_an_it_admin_what/,sysadmin,hot,Question,False,7.4,6.666666666666667,0,7.4
1m00f1x,"Cloudflare Down? - 7/14/2025, Cannot ping 1.1.1.1 from either of our internet connections.",18,0.83,6,1752531523.0,2025-07-14 18:18:43,18,0,Monday,False,Fallingdamage,True,https://www.reddit.com/r/sysadmin/comments/1m00f1x/cloudflare_down_7142025_cannot_ping_1111_from/,sysadmin,hot,,False,14.399999999999999,0.3157894736842105,0,14.399999999999999
1lznaax,CrowdStrike - 2 BSODs last 2 days from CS files,82,0.92,27,1752501922.0,2025-07-14 10:05:22,10,0,Monday,False,QuietStandard3908,True,https://www.reddit.com/r/sysadmin/comments/1lznaax/crowdstrike_2_bsods_last_2_days_from_cs_files/,sysadmin,hot,,False,65.5,0.3253012048192771,0,65.5
1lzny5v,"What do you all use for onboarding a user (getting the 'list' of needs for IT).  Our list is growing and causing headaches for day one due to everyone 'oh ya, we need this too'",67,0.93,64,1752503493.0,2025-07-14 10:31:33,10,0,Monday,False,jdlnewborn,True,https://www.reddit.com/r/sysadmin/comments/1lzny5v/what_do_you_all_use_for_onboarding_a_user_getting/,sysadmin,hot,General Discussion,False,66.1,0.9411764705882353,0,66.1
1lzixj5,I am becoming something of a designated IT admin for my tiny company. Any tips?,124,0.84,149,1752489205.0,2025-07-14 06:33:25,6,0,Monday,False,zucc691,True,https://www.reddit.com/r/sysadmin/comments/1lzixj5/i_am_becoming_something_of_a_designated_it_admin/,sysadmin,hot,Question,False,131.5,1.192,1,65.75
1m0fvj3,iLO4 OS installation issue,0,0.5,0,1752580796.0,2025-07-15 07:59:56,7,1,Tuesday,False,Witty_Love6582,True,https://www.reddit.com/r/sysadmin/comments/1m0fvj3/ilo4_os_installation_issue/,sysadmin,hot,,False,0.0,0.0,0,0.0
1m0fhu5,How to grant delegate access to Exchange In-Place Mailbox archive mailbox,0,0.5,0,1752579634.0,2025-07-15 07:40:34,7,1,Tuesday,False,BitterAstronomer,True,https://www.reddit.com/r/sysadmin/comments/1m0fhu5/how_to_grant_delegate_access_to_exchange_inplace/,sysadmin,hot,Question,False,0.0,0.0,0,0.0
1lzylu7,City/County IT admins?,13,0.82,13,1752527257.0,2025-07-14 17:07:37,17,0,Monday,False,cczer,True,https://www.reddit.com/r/sysadmin/comments/1lzylu7/citycounty_it_admins/,sysadmin,hot,,False,13.0,0.9285714285714286,0,13.0
1lzkus8,Companies starting to request iso 27001 documentation. How do you handle this?,55,0.91,63,1752495476.0,2025-07-14 08:17:56,8,0,Monday,False,AgreeableIron811,True,https://www.reddit.com/r/sysadmin/comments/1lzkus8/companies_starting_to_request_iso_27001/,sysadmin,hot,Question,False,57.4,1.125,0,57.4
1m0dm36,WSUS - WS2019 - Setting invisible ?,0,0.5,2,1752573165.0,2025-07-15 05:52:45,5,1,Tuesday,False,Hmzeii,True,https://www.reddit.com/r/sysadmin/comments/1m0dm36/wsus_ws2019_setting_invisible/,sysadmin,hot,,False,0.6,2.0,0,0.6
1m0d48j,"Deny Windows user logon with password, only allow Yubikey?",0,0.43,9,1752571270.0,2025-07-15 05:21:10,5,1,Tuesday,False,pumpkindonut,True,https://www.reddit.com/r/sysadmin/comments/1m0d48j/deny_windows_user_logon_with_password_only_allow/,sysadmin,hot,Microsoft,False,2.6999999999999997,9.0,0,2.6999999999999997
1m0cwsh,What are you using for IPAM?,0,0.5,11,1752570470.0,2025-07-15 05:07:50,5,1,Tuesday,False,Spiritual_Cycle_3263,True,https://www.reddit.com/r/sysadmin/comments/1m0cwsh/what_are_you_using_for_ipam/,sysadmin,hot,,False,3.3,11.0,0,3.3
1m098ki,Enterprise ISP Recommendation in the Philippines,2,0.75,2,1752556524.0,2025-07-15 01:15:24,1,1,Tuesday,False,Attempt-Cautious,True,https://www.reddit.com/r/sysadmin/comments/1m098ki/enterprise_isp_recommendation_in_the_philippines/,sysadmin,hot,,False,2.0,0.6666666666666666,0,2.0
1m0cl8m,What Security &amp; Integration Features Matter Most for Enterprise Teams?,0,0.4,2,1752569185.0,2025-07-15 04:46:25,4,1,Tuesday,False,Simon_Hellothere,True,https://www.reddit.com/r/sysadmin/comments/1m0cl8m/what_security_integration_features_matter_most/,sysadmin,hot,Question,False,0.6,2.0,0,0.6
1m0cg8z,Small business employee laptop setup,2,0.57,17,1752568618.0,2025-07-15 04:36:58,4,1,Tuesday,False,olalilalo,True,https://www.reddit.com/r/sysadmin/comments/1m0cg8z/small_business_employee_laptop_setup/,sysadmin,hot,,False,6.5,5.666666666666667,0,6.5
1lznjvs,Proofpoint outage question?,25,0.96,14,1752502563.0,2025-07-14 10:16:03,10,0,Monday,False,50FeetofFlightline,True,https://www.reddit.com/r/sysadmin/comments/1lznjvs/proofpoint_outage_question/,sysadmin,hot,,False,21.7,0.5384615384615384,0,21.7
1lzhsni,A wonderful Monday...,58,0.94,17,1752484877.0,2025-07-14 05:21:17,5,0,Monday,False,Corwent,True,https://www.reddit.com/r/sysadmin/comments/1lzhsni/a_wonderful_monday/,sysadmin,hot,Off Topic,False,45.699999999999996,0.288135593220339,1,22.849999999999998
1m0at2b,"Quick question for developer job searchers: Real-time status updates from clueless recruiters, or fewer but better-informed recruiters who actually read your profile?",0,0.5,2,1752562247.0,2025-07-15 02:50:47,2,1,Tuesday,False,AydanAr,True,https://www.reddit.com/r/sysadmin/comments/1m0at2b/quick_question_for_developer_job_searchers/,sysadmin,hot,General Discussion,False,0.6,2.0,0,0.6
1m0cwp0,Need help with job task routing,0,0.33,3,1752570459.0,2025-07-15 05:07:39,5,1,Tuesday,False,Fluid-Finding-5349,True,https://www.reddit.com/r/sysadmin/comments/1m0cwp0/need_help_with_job_task_routing/,sysadmin,hot,Question,False,0.8999999999999999,3.0,0,0.8999999999999999
1lzlkvf,What is the biggest difference between Cyber Essentials and ISO 27001 and what resources can I use to understand and build a roadmap for 27001 compliance?,17,0.88,10,1752497515.0,2025-07-14 08:51:55,8,0,Monday,False,Ro-Tang_Clan,True,https://www.reddit.com/r/sysadmin/comments/1lzlkvf/what_is_the_biggest_difference_between_cyber/,sysadmin,hot,,False,14.899999999999999,0.5555555555555556,0,14.899999999999999
1lzsokb,Free basic ticketing system,7,0.63,54,1752514100.0,2025-07-14 13:28:20,13,0,Monday,False,Abelmageto,True,https://www.reddit.com/r/sysadmin/comments/1lzsokb/free_basic_ticketing_system/,sysadmin,hot,Question,False,21.099999999999998,6.75,0,21.099999999999998
1m0bzzy,Save complete webpage offline with attachements stored in sharepoint ?,0,0.33,3,1752566763.0,2025-07-15 04:06:03,4,1,Tuesday,False,_Aerish_,True,https://www.reddit.com/r/sysadmin/comments/1m0bzzy/save_complete_webpage_offline_with_attachements/,sysadmin,hot,Question,False,0.8999999999999999,3.0,0,0.8999999999999999
1m082zr,[ANN] CallFS: Open-Sourcing a High-Performance REST API Filesystem,2,0.6,0,1752552684.0,2025-07-15 00:11:24,0,1,Tuesday,False,sops343,True,https://www.reddit.com/r/sysadmin/comments/1m082zr/ann_callfs_opensourcing_a_highperformance_rest/,sysadmin,hot,,False,1.4,0.0,0,1.4
1m0blf5,Deleted user's calendar in Outlook,0,0.33,4,1752565214.0,2025-07-15 03:40:14,3,1,Tuesday,False,BatouMediocre,True,https://www.reddit.com/r/sysadmin/comments/1m0blf5/deleted_users_calendar_in_outlook/,sysadmin,hot,,False,1.2,4.0,0,1.2
1lzv27y,RDS User Profiles,5,0.86,10,1752519301.0,2025-07-14 14:55:01,14,0,Monday,False,Cold_Koala3146,True,https://www.reddit.com/r/sysadmin/comments/1lzv27y/rds_user_profiles/,sysadmin,hot,Question,False,6.5,1.6666666666666667,0,6.5
1lzov2k,Do you deploy a zip / file archiver software?,8,0.69,62,1752505600.0,2025-07-14 11:06:40,11,0,Monday,False,Flying-T,True,https://www.reddit.com/r/sysadmin/comments/1lzov2k/do_you_deploy_a_zip_file_archiver_software/,sysadmin,hot,General Discussion,False,24.199999999999996,6.888888888888889,0,24.199999999999996
1m00n33,LDAP search takes a very long time from one particular linux server for users only in one particular domain,2,0.67,6,1752532054.0,2025-07-14 18:27:34,18,0,Monday,False,AffinityForLepers,True,https://www.reddit.com/r/sysadmin/comments/1m00n33/ldap_search_takes_a_very_long_time_from_one/,sysadmin,hot,Question,False,3.1999999999999997,2.0,0,3.1999999999999997
1m04svf,Windows 11 image deployment with Fog post image scripting,1,0.67,2,1752543028.0,2025-07-14 21:30:28,21,0,Monday,False,thotpatrol,True,https://www.reddit.com/r/sysadmin/comments/1m04svf/windows_11_image_deployment_with_fog_post_image/,sysadmin,hot,,False,1.2999999999999998,1.0,0,1.2999999999999998
1lzxtr4,Trouble replicating DNS forwarders to 2nd server,2,0.67,4,1752525447.0,2025-07-14 16:37:27,16,0,Monday,False,xKaiizen,True,https://www.reddit.com/r/sysadmin/comments/1lzxtr4/trouble_replicating_dns_forwarders_to_2nd_server/,sysadmin,hot,Question,False,2.5999999999999996,1.3333333333333333,0,2.5999999999999996
1lzw96l,AppLocker completely broken on Win11 24H2,0,0.5,4,1752521937.0,2025-07-14 15:38:57,15,0,Monday,False,tigerxchaos,True,https://www.reddit.com/r/sysadmin/comments/1lzw96l/applocker_completely_broken_on_win11_24h2/,sysadmin,hot,,False,1.2,4.0,0,1.2
1lz53uw,How is your on call compensation?,106,0.92,348,1752443875.0,2025-07-13 17:57:55,17,6,Sunday,True,lockblack1,True,https://www.reddit.com/r/sysadmin/comments/1lz53uw/how_is_your_on_call_compensation/,sysadmin,hot,General Discussion,False,178.59999999999997,3.2523364485981308,1,89.29999999999998
1lz4x5r,47 day cert change,107,0.86,169,1752443388.0,2025-07-13 17:49:48,17,6,Sunday,True,Grouchy_Whole752,True,https://www.reddit.com/r/sysadmin/comments/1lz4x5r/47_day_cert_change/,sysadmin,hot,,False,125.6,1.5648148148148149,1,62.8
1lznjqn,The tangled mess of Teams/Sharepoint permissions,6,0.87,8,1752502552.0,2025-07-14 10:15:52,10,0,Monday,False,Saywhuuuuuut,True,https://www.reddit.com/r/sysadmin/comments/1lznjqn/the_tangled_mess_of_teamssharepoint_permissions/,sysadmin,hot,,False,6.6,1.1428571428571428,0,6.6
1m00nro,"Email Gateway with Capability to Detonate Cloud-Hosted File Links (e.g., Google Drive, OneDrive)",1,0.6,5,1752532099.0,2025-07-14 18:28:19,18,0,Monday,False,imadam71,True,https://www.reddit.com/r/sysadmin/comments/1m00nro/email_gateway_with_capability_to_detonate/,sysadmin,hot,,False,2.2,2.5,0,2.2
1lzudx7,Lenovo Servers: Bare Minimum Management/Utilities?,2,0.75,1,1752517830.0,2025-07-14 14:30:30,14,0,Monday,False,Wild_Obligation_4335,True,https://www.reddit.com/r/sysadmin/comments/1lzudx7/lenovo_servers_bare_minimum_managementutilities/,sysadmin,hot,,False,1.7,0.3333333333333333,0,1.7
1lzz3a1,404 Message when opening documents in sharepoint online,0,0.5,6,1752528388.0,2025-07-14 17:26:28,17,0,Monday,False,canonanon,True,https://www.reddit.com/r/sysadmin/comments/1lzz3a1/404_message_when_opening_documents_in_sharepoint/,sysadmin,hot,Question,False,1.7999999999999998,6.0,0,1.7999999999999998
1lzpefz,Can't View Emails In Exchange?,3,0.8,9,1752506829.0,2025-07-14 11:27:09,11,0,Monday,False,walker164,True,https://www.reddit.com/r/sysadmin/comments/1lzpefz/cant_view_emails_in_exchange/,sysadmin,hot,,False,4.799999999999999,2.25,0,4.799999999999999
1lzp5xb,Entra Private Access + DNS Filter + Encrypted DNS causes failure to reach globalsecureaccess.microsoft.com,3,1.0,1,1752506295.0,2025-07-14 11:18:15,11,0,Monday,False,bjc1960,True,https://www.reddit.com/r/sysadmin/comments/1lzp5xb/entra_private_access_dns_filter_encrypted_dns/,sysadmin,hot,Question,False,2.3999999999999995,0.25,0,2.3999999999999995
1lzxqyk,Reply to email causes email to be sent on behalf,0,0.5,2,1752525272.0,2025-07-14 16:34:32,16,0,Monday,False,BendyStraws2449,True,https://www.reddit.com/r/sysadmin/comments/1lzxqyk/reply_to_email_causes_email_to_be_sent_on_behalf/,sysadmin,hot,,False,0.6,2.0,0,0.6
1lzwkdx,File Explorer Hanging/Slowness Win11,1,0.67,3,1752522624.0,2025-07-14 15:50:24,15,0,Monday,False,pieceofpower,True,https://www.reddit.com/r/sysadmin/comments/1lzwkdx/file_explorer_hangingslowness_win11/,sysadmin,hot,,False,1.5999999999999999,1.5,0,1.5999999999999999
1lzwh5v,SMS Alerting Options,1,0.67,3,1752522423.0,2025-07-14 15:47:03,15,0,Monday,False,KingFurykiller,True,https://www.reddit.com/r/sysadmin/comments/1lzwh5v/sms_alerting_options/,sysadmin,hot,Question,False,1.5999999999999999,1.5,0,1.5999999999999999
1lzwg60,Anyone using GraphOn GO‑Global for app publishing? Looking for real-world feedback,1,0.67,4,1752522363.0,2025-07-14 15:46:03,15,0,Monday,False,Specialist-Bit5233,True,https://www.reddit.com/r/sysadmin/comments/1lzwg60/anyone_using_graphon_goglobal_for_app_publishing/,sysadmin,hot,,False,1.9,2.0,0,1.9
1lzwbkf,"iPad Outlook Gremlins, aka formatting challenges with Outlook and Gmail",0,0.5,0,1752522079.0,2025-07-14 15:41:19,15,0,Monday,False,jefels,True,https://www.reddit.com/r/sysadmin/comments/1lzwbkf/ipad_outlook_gremlins_aka_formatting_challenges/,sysadmin,hot,Apple,False,0.0,0.0,0,0.0
1lzv5dd,KB5014754 event 39 remediation,1,0.67,0,1752519484.0,2025-07-14 14:58:04,14,0,Monday,False,MrLeeeet,True,https://www.reddit.com/r/sysadmin/comments/1lzv5dd/kb5014754_event_39_remediation/,sysadmin,hot,,False,0.7,0.0,0,0.7
1m03uvd,Stuck deciding between two six figure jobs in tech (Cloud vs Hybrid Architecture). What should I do?,0,0.33,5,1752540429.0,2025-07-14 20:47:09,20,0,Monday,False,Z_Riv,True,https://www.reddit.com/r/sysadmin/comments/1m03uvd/stuck_deciding_between_two_six_figure_jobs_in/,sysadmin,hot,,False,1.5,5.0,0,1.5
1lz85cy,MS365 back up recommendation for medium sized business.,29,0.92,95,1752452163.0,2025-07-13 20:16:03,20,6,Sunday,True,CobblerBrilliant8971,True,https://www.reddit.com/r/sysadmin/comments/1lz85cy/ms365_back_up_recommendation_for_medium_sized/,sysadmin,hot,,False,48.8,3.1666666666666665,1,24.4
1lzufqs,MS Basic Authentication for mail going away but I can't track the source of ours,1,0.67,2,1752517940.0,2025-07-14 14:32:20,14,0,Monday,False,CeC-P,True,https://www.reddit.com/r/sysadmin/comments/1lzufqs/ms_basic_authentication_for_mail_going_away_but_i/,sysadmin,hot,Question,False,1.2999999999999998,1.0,0,1.2999999999999998
1lzt3xt,Private SSL Certificate,0,0.5,7,1752515034.0,2025-07-14 13:43:54,13,0,Monday,False,bdl196976,True,https://www.reddit.com/r/sysadmin/comments/1lzt3xt/private_ssl_certificate/,sysadmin,hot,,False,2.1,7.0,0,2.1
1lzrspl,365 Outlook Add-ins Vanished from Users,0,0.5,3,1752512177.0,2025-07-14 12:56:17,12,0,Monday,False,FgtBruceCockstar2008,True,https://www.reddit.com/r/sysadmin/comments/1lzrspl/365_outlook_addins_vanished_from_users/,sysadmin,hot,Question,False,0.8999999999999999,3.0,0,0.8999999999999999
1lzrg3j,Unable to detect disk on Dell R7525,1,0.67,5,1752511398.0,2025-07-14 12:43:18,12,0,Monday,False,Numerous_Brilliant_1,True,https://www.reddit.com/r/sysadmin/comments/1lzrg3j/unable_to_detect_disk_on_dell_r7525/,sysadmin,hot,,False,2.2,2.5,0,2.2
1lzxj59,Managed SDWAN service is negatively impacting our productivity.,0,0.42,17,1752524789.0,2025-07-14 16:26:29,16,0,Monday,False,imperial_gidget,True,https://www.reddit.com/r/sysadmin/comments/1lzxj59/managed_sdwan_service_is_negatively_impacting_our/,sysadmin,hot,Rant,False,5.1,17.0,0,5.1
1lzl9l0,official ips by corporations that crawl,3,0.71,0,1752496663.0,2025-07-14 08:37:43,8,0,Monday,False,h43z,True,https://www.reddit.com/r/sysadmin/comments/1lzl9l0/official_ips_by_corporations_that_crawl/,sysadmin,hot,,False,2.0999999999999996,0.0,0,2.0999999999999996
1lzectz,Radius logs - should there be a non zero reason code for a bad wifi login?,7,0.89,2,1752471507.0,2025-07-14 01:38:27,1,0,Monday,False,Recent_Carpenter8644,True,https://www.reddit.com/r/sysadmin/comments/1lzectz/radius_logs_should_there_be_a_non_zero_reason/,sysadmin,hot,,False,5.499999999999999,0.25,1,2.7499999999999996
1lzq4je,"Komprise, Miria, Datadobi or...?",1,0.67,2,1752508451.0,2025-07-14 11:54:11,11,0,Monday,False,Glittering-Charge-15,True,https://www.reddit.com/r/sysadmin/comments/1lzq4je/komprise_miria_datadobi_or/,sysadmin,hot,,False,1.2999999999999998,1.0,0,1.2999999999999998
1lzi4j8,Best Way to Update Applications via Intune Without Forcing Installs?,4,0.75,3,1752486167.0,2025-07-14 05:42:47,5,0,Monday,False,Beginning_Primary383,True,https://www.reddit.com/r/sysadmin/comments/1lzi4j8/best_way_to_update_applications_via_intune/,sysadmin,hot,Question,False,3.6999999999999997,0.6,1,1.8499999999999999
1lzvmtf,SPF for ext. clients,0,0.25,15,1752520538.0,2025-07-14 15:15:38,15,0,Monday,False,AudiACar,True,https://www.reddit.com/r/sysadmin/comments/1lzvmtf/spf_for_ext_clients/,sysadmin,hot,,False,4.5,15.0,0,4.5
1lzhua8,Siemens IPC - no USB in boot manager,3,0.67,2,1752485053.0,2025-07-14 05:24:13,5,0,Monday,False,Haunting_Tax_,True,https://www.reddit.com/r/sysadmin/comments/1lzhua8/siemens_ipc_no_usb_in_boot_manager/,sysadmin,hot,,False,2.6999999999999997,0.5,1,1.3499999999999999
1lzjllz,Security Groups for IAM access to Azure subscriptions / resources,2,0.75,3,1752491519.0,2025-07-14 07:11:59,7,0,Monday,False,LeonMoris_,True,https://www.reddit.com/r/sysadmin/comments/1lzjllz/security_groups_for_iam_access_to_azure/,sysadmin,hot,,False,2.3,1.0,1,1.15
1lznw3b,Automatically adding users to a distribution list upon creation,0,0.33,5,1752503364.0,2025-07-14 10:29:24,10,0,Monday,False,hoodiecritic,True,https://www.reddit.com/r/sysadmin/comments/1lznw3b/automatically_adding_users_to_a_distribution_list/,sysadmin,hot,Question,False,1.5,5.0,0,1.5
1lznbvd,Cannot connect to RDS Windows 2019 from VPN client,1,0.67,4,1752502024.0,2025-07-14 10:07:04,10,0,Monday,False,Particular-Waltz-668,True,https://www.reddit.com/r/sysadmin/comments/1lznbvd/cannot_connect_to_rds_windows_2019_from_vpn_client/,sysadmin,hot,,False,1.9,2.0,0,1.9
1lz602b,The need for an MDM,17,0.75,27,1752446228.0,2025-07-13 18:37:08,18,6,Sunday,True,Realistic_Benefit468,True,https://www.reddit.com/r/sysadmin/comments/1lz602b/the_need_for_an_mdm/,sysadmin,hot,,False,20.0,1.5,1,10.0
1lzsfqv,Patching ESXi Free,0,0.46,12,1752513559.0,2025-07-14 13:19:19,13,0,Monday,False,DarkAlman,True,https://www.reddit.com/r/sysadmin/comments/1lzsfqv/patching_esxi_free/,sysadmin,hot,Question,False,3.5999999999999996,12.0,0,3.5999999999999996
1lzm425,Advice Needed,1,0.67,31,1752498936.0,2025-07-14 09:15:36,9,0,Monday,False,imagoner007,True,https://www.reddit.com/r/sysadmin/comments/1lzm425/advice_needed/,sysadmin,hot,Question,False,9.999999999999998,15.5,0,9.999999999999998
1m079p8,Reality check,0,0.15,9,1752550170.0,2025-07-14 23:29:30,23,0,Monday,False,haze-919,True,https://www.reddit.com/r/sysadmin/comments/1m079p8/reality_check/,sysadmin,hot,General Discussion,False,2.6999999999999997,9.0,0,2.6999999999999997
1lzlyt9,KMS host to activate Windows 10 extended license,1,0.66,3,1752498552.0,2025-07-14 09:09:12,9,0,Monday,False,Single_Reputation535,True,https://www.reddit.com/r/sysadmin/comments/1lzlyt9/kms_host_to_activate_windows_10_extended_license/,sysadmin,hot,,False,1.5999999999999999,1.5,0,1.5999999999999999
1lzgrxj,MDM and Android,3,0.71,5,1752480819.0,2025-07-14 04:13:39,4,0,Monday,False,coooly,True,https://www.reddit.com/r/sysadmin/comments/1lzgrxj/mdm_and_android/,sysadmin,hot,Question,False,3.5999999999999996,1.25,1,1.7999999999999998
1lz8956,Windows SMB faster than SFTP transfers.. clearly doing something wrong?,8,0.65,44,1752452468.0,2025-07-13 20:21:08,20,6,Sunday,True,CerisCinderwolf,True,https://www.reddit.com/r/sysadmin/comments/1lz8956/windows_smb_faster_than_sftp_transfers_clearly/,sysadmin,hot,Question,False,18.799999999999997,4.888888888888889,1,9.399999999999999
1m00yf6,General consensus on Windows 11,0,0.25,20,1752532832.0,2025-07-14 18:40:32,18,0,Monday,False,PDQ_Brockstar,True,https://www.reddit.com/r/sysadmin/comments/1m00yf6/general_consensus_on_windows_11/,sysadmin,hot,General Discussion,False,6.0,20.0,0,6.0
1lzou4e,Disable all purposes on a trusted root certificate has no effect,0,0.38,8,1752505541.0,2025-07-14 11:05:41,11,0,Monday,False,tinuuuu,True,https://www.reddit.com/r/sysadmin/comments/1lzou4e/disable_all_purposes_on_a_trusted_root/,sysadmin,hot,,False,2.4,8.0,0,2.4
1lzjjmm,Updating MS Store Apps,0,0.45,8,1752491337.0,2025-07-14 07:08:57,7,0,Monday,False,Flowers169,True,https://www.reddit.com/r/sysadmin/comments/1lzjjmm/updating_ms_store_apps/,sysadmin,hot,,False,2.4,8.0,1,1.2
1lyu5i6,Anyone actually gone through standardising firewalls globally? What should I be thinking about?,43,0.85,32,1752416915.0,2025-07-13 10:28:35,10,6,Sunday,True,Due-Swimming3221,True,https://www.reddit.com/r/sysadmin/comments/1lyu5i6/anyone_actually_gone_through_standardising/,sysadmin,hot,,False,39.699999999999996,0.7272727272727273,1,19.849999999999998
1ly99ml,UPDATE: Bosses are about to learn the hard way what some MSPs are really like.,1317,0.97,250,1752349517.0,2025-07-12 15:45:17,15,5,Saturday,True,Deceptivejunk,True,https://www.reddit.com/r/sysadmin/comments/1ly99ml/update_bosses_are_about_to_learn_the_hard_way/,sysadmin,hot,,False,996.9,0.18968133535660092,2,332.3
1lzn3vi,Mystery GPO being applied,0,0.33,25,1752501502.0,2025-07-14 09:58:22,9,0,Monday,False,apple_hammar,True,https://www.reddit.com/r/sysadmin/comments/1lzn3vi/mystery_gpo_being_applied/,sysadmin,hot,,False,7.5,25.0,0,7.5
1lyu1r7,Anyone else find Microsoft Purview Endpoint DLP totally unreliable for blocking *all* browser uploads?,38,0.83,20,1752416641.0,2025-07-13 10:24:01,10,6,Sunday,True,letopeto,True,https://www.reddit.com/r/sysadmin/comments/1lyu1r7/anyone_else_find_microsoft_purview_endpoint_dlp/,sysadmin,hot,Question,False,32.599999999999994,0.5128205128205128,1,16.299999999999997
1lzu1pp,"Delete or disable ""Pin Code""",0,0.14,4,1752517065.0,2025-07-14 14:17:45,14,0,Monday,False,Hirx8791,True,https://www.reddit.com/r/sysadmin/comments/1lzu1pp/delete_or_disable_pin_code/,sysadmin,hot,,False,1.2,4.0,0,1.2
1lzwxqe,What tools are you using for tech stack visibility or asset audits in 2025?,0,0.11,7,1752523449.0,2025-07-14 16:04:09,16,0,Monday,False,mcdlmac,True,https://www.reddit.com/r/sysadmin/comments/1lzwxqe/what_tools_are_you_using_for_tech_stack/,sysadmin,hot,,False,2.1,7.0,0,2.1
1lzhwox,Exchange online - Automatic replies for some shared mailbox's - is there a tool,0,0.33,5,1752485311.0,2025-07-14 05:28:31,5,0,Monday,False,Colink98,True,https://www.reddit.com/r/sysadmin/comments/1lzhwox/exchange_online_automatic_replies_for_some_shared/,sysadmin,hot,,False,1.5,5.0,1,0.75
1lzhnpj,MS Purview info protection scanner issue,0,0.5,0,1752484331.0,2025-07-14 05:12:11,5,0,Monday,False,Ararazar,True,https://www.reddit.com/r/sysadmin/comments/1lzhnpj/ms_purview_info_protection_scanner_issue/,sysadmin,hot,,False,0.0,0.0,1,0.0
1ly4a46,Please accept the fact that password rotations are a security issue,1678,0.95,500,1752336880.0,2025-07-12 12:14:40,12,5,Saturday,True,Comfortable_Gap1656,True,https://www.reddit.com/r/sysadmin/comments/1ly4a46/please_accept_the_fact_that_password_rotations/,sysadmin,hot,,False,1324.6,0.29779630732578916,2,441.5333333333333
1lzgn2s,"Windows 10 to 11 clean re-installation via ISO, Windows.old sticks",0,0.5,8,1752480270.0,2025-07-14 04:04:30,4,0,Monday,False,Kofl,True,https://www.reddit.com/r/sysadmin/comments/1lzgn2s/windows_10_to_11_clean_reinstallation_via_iso/,sysadmin,hot,,False,2.4,8.0,1,1.2
1lzqheo,Question about Microsoft Windows Server 2019 Standard Licensing,0,0.11,12,1752509232.0,2025-07-14 12:07:12,12,0,Monday,False,MrMcStallion,True,https://www.reddit.com/r/sysadmin/comments/1lzqheo/question_about_microsoft_windows_server_2019/,sysadmin,hot,Microsoft,False,3.5999999999999996,12.0,0,3.5999999999999996
1lzf6v3,Deploying ARC - MS and powershells Invoke-WebRequest issues,1,0.67,5,1752474589.0,2025-07-14 02:29:49,2,0,Monday,False,BAPKSC,True,https://www.reddit.com/r/sysadmin/comments/1lzf6v3/deploying_arc_ms_and_powershells_invokewebrequest/,sysadmin,hot,,False,2.2,2.5,1,1.1
1lzu2is,Co-Pilot has become an essential part of my everyday sysadmin toolbox.,0,0.36,19,1752517116.0,2025-07-14 14:18:36,14,0,Monday,False,Basic_Chemistry_900,True,https://www.reddit.com/r/sysadmin/comments/1lzu2is/copilot_has_become_an_essential_part_of_my/,sysadmin,hot,,False,5.7,19.0,0,5.7
1lzn9hc,New Help Desk guy sucks. Is he salvageable or should we cut him loose?,0,0.39,52,1752501865.0,2025-07-14 10:04:25,10,0,Monday,False,Basic_Chemistry_900,True,https://www.reddit.com/r/sysadmin/comments/1lzn9hc/new_help_desk_guy_sucks_is_he_salvageable_or/,sysadmin,hot,,False,15.6,52.0,0,15.6
1lzbqjo,Advice appreciated,0,0.43,0,1752462804.0,2025-07-13 23:13:24,23,6,Sunday,True,WaitNo9719,True,https://www.reddit.com/r/sysadmin/comments/1lzbqjo/advice_appreciated/,sysadmin,hot,Question,False,0.0,0.0,1,0.0
1lzb3yg,Adding veeam proxy An existing connection was forcibly closed by the remote host,0,0.33,0,1752460861.0,2025-07-13 22:41:01,22,6,Sunday,True,ddCorazon,True,https://www.reddit.com/r/sysadmin/comments/1lzb3yg/adding_veeam_proxy_an_existing_connection_was/,sysadmin,hot,Question,False,0.0,0.0,1,0.0
1lz5hcb,Weird issue with systemd-resolved,1,0.56,6,1752444854.0,2025-07-13 18:14:14,18,6,Sunday,True,Unimpress,True,https://www.reddit.com/r/sysadmin/comments/1lz5hcb/weird_issue_with_systemdresolved/,sysadmin,hot,Question,False,2.5,3.0,1,1.25
1lxyn6o,Sysadmin Cyber Attacks His Employer After Being Fired,1083,0.95,302,1752321305.0,2025-07-12 07:55:05,7,5,Saturday,True,InsaneITPerson,True,https://www.reddit.com/r/sysadmin/comments/1lxyn6o/sysadmin_cyber_attacks_his_employer_after_being/,sysadmin,hot,,False,848.6999999999999,0.2785977859778598,3,212.17499999999998
1lzoyze,"Upgrading machine OS's, why and do we need to?",0,0.11,26,1752505853.0,2025-07-14 11:10:53,11,0,Monday,False,Silver_Pharaoh001,True,https://www.reddit.com/r/sysadmin/comments/1lzoyze/upgrading_machine_oss_why_and_do_we_need_to/,sysadmin,hot,Question,False,7.8,26.0,0,7.8
1lyfexw,"postfix didn't accept mails for 31 hours because of ""no entropy for TLS key generation""",75,0.9,14,1752366441.0,2025-07-12 20:27:21,20,5,Saturday,True,padde0711,True,https://www.reddit.com/r/sysadmin/comments/1lyfexw/postfix_didnt_accept_mails_for_31_hours_because/,sysadmin,hot,,False,56.7,0.18421052631578946,2,18.900000000000002
1lyunlw,Restrict Access to Office365 install on Non Entra ID Machines,2,0.54,18,1752418217.0,2025-07-13 10:50:17,10,6,Sunday,True,Primary-Issue-3751,True,https://www.reddit.com/r/sysadmin/comments/1lyunlw/restrict_access_to_office365_install_on_non_entra/,sysadmin,hot,,False,6.799999999999999,6.0,1,3.3999999999999995
1lyn67z,Potential Issues with Windows Server 2025 June 2025 Update,8,0.83,2,1752392785.0,2025-07-13 03:46:25,3,6,Sunday,True,colin_1972,True,https://www.reddit.com/r/sysadmin/comments/1lyn67z/potential_issues_with_windows_server_2025_june/,sysadmin,hot,Question,False,6.199999999999999,0.2222222222222222,2,2.0666666666666664
1lzct5p,Unable to log in to PC using MS account.,0,0.33,7,1752466214.0,2025-07-14 00:10:14,0,0,Monday,False,SummerAvailable8006,True,https://www.reddit.com/r/sysadmin/comments/1lzct5p/unable_to_log_in_to_pc_using_ms_account/,sysadmin,new,Question,False,2.1,7.0,1,1.05
1lz2s64,Ts plus é de fato legítimo?,0,0.11,1,1752438046.0,2025-07-13 16:20:46,16,6,Sunday,True,Constant-Machine6781,True,https://www.reddit.com/r/sysadmin/comments/1lz2s64/ts_plus_é_de_fato_legítimo/,sysadmin,new,,False,0.3,1.0,1,0.15
1lz2b3s,Curious what your scripts are for configuring BitLocker to on prem AD when most of the fleet has manufacterer encryption already enabled (no protectors/protection off).,0,0.27,13,1752436901.0,2025-07-13 16:01:41,16,6,Sunday,True,ButCaptainThatsMYRum,True,https://www.reddit.com/r/sysadmin/comments/1lz2b3s/curious_what_your_scripts_are_for_configuring/,sysadmin,new,Question,False,3.9,13.0,1,1.95
1lyr3bf,Migrating from Check Point 3600T to Quantum Spark 1600 - Need Help with VPN User Certificate Migration,3,0.67,0,1752408066.0,2025-07-13 08:01:06,8,6,Sunday,True,njsama,True,https://www.reddit.com/r/sysadmin/comments/1lyr3bf/migrating_from_check_point_3600t_to_quantum_spark/,sysadmin,new,Question,False,2.0999999999999996,0.0,2,0.6999999999999998
1lwv9n1,Mail rule may get me fired.,1721,0.95,487,1752200555.0,2025-07-10 22:22:35,22,3,Thursday,False,Outrageous-Chip-1319,True,https://www.reddit.com/r/sysadmin/comments/1lwv9n1/mail_rule_may_get_me_fired/,sysadmin,top_week,,False,1350.7999999999997,0.28281068524970965,4,270.15999999999997
1lx0i7s,Company wants to sell an App i wrote for internal use.,1089,0.92,444,1752218209.0,2025-07-11 03:16:49,3,4,Friday,False,JoeyFromMoonway,True,https://www.reddit.com/r/sysadmin/comments/1lx0i7s/company_wants_to_sell_an_app_i_wrote_for_internal/,sysadmin,top_week,Rant,False,895.5,0.4073394495412844,4,179.1
1lx875x,New Grad Can't Seem To Do Anything Himself,878,0.93,718,1752243764.0,2025-07-11 10:22:44,10,4,Friday,False,Clear-Part3319,True,https://www.reddit.com/r/sysadmin/comments/1lx875x/new_grad_cant_seem_to_do_anything_himself/,sysadmin,top_week,,False,829.9999999999999,0.8168373151308305,3,207.49999999999997
1lvn2z0,I feel like people don't even try.,720,0.96,260,1752078125.0,2025-07-09 12:22:05,12,2,Wednesday,False,OnlyWest1,True,https://www.reddit.com/r/sysadmin/comments/1lvn2z0/i_feel_like_people_dont_even_try/,sysadmin,top_week,Rant,False,582.0,0.3606102635228849,5,97.0
1lwietb,How much of a security threat is this?,649,0.93,432,1752167856.0,2025-07-10 13:17:36,13,3,Thursday,False,ButtSnacks_,True,https://www.reddit.com/r/sysadmin/comments/1lwietb/how_much_of_a_security_threat_is_this/,sysadmin,top_week,,False,583.9,0.6646153846153846,4,116.78
1lvlt1a,"Work piling up, offshore is useless as ever... I think I'll clean my old mail and onedrive instead",567,0.96,171,1752075121.0,2025-07-09 11:32:01,11,2,Wednesday,False,HylianSystems,True,https://www.reddit.com/r/sysadmin/comments/1lvlt1a/work_piling_up_offshore_is_useless_as_ever_i/,sysadmin,top_week,Rant,False,448.2,0.301056338028169,5,74.7
1lxm4fb,Can we talk about the uptick in market research posts disguised as community questions?,514,0.97,65,1752277704.0,2025-07-11 19:48:24,19,4,Friday,False,moderatenerd,True,https://www.reddit.com/r/sysadmin/comments/1lxm4fb/can_we_talk_about_the_uptick_in_market_research/,sysadmin,top_week,,False,379.29999999999995,0.1262135922330097,3,94.82499999999999
1lvuvwu,Have you heard of organizations replacing computers with a cradled phone + monitor setup.,473,0.97,488,1752096453.0,2025-07-09 17:27:33,17,2,Wednesday,False,bjc1960,True,https://www.reddit.com/r/sysadmin/comments/1lvuvwu/have_you_heard_of_organizations_replacing/,sysadmin,top_week,General Discussion,False,477.5,1.029535864978903,5,79.58333333333333
1lwdv4x,Rebuilt a legacy desktop app into a cloud-based system. Biggest win wasn’t what we expected,398,0.97,89,1752157009.0,2025-07-10 10:16:49,10,3,Thursday,False,Techie_Justin,True,https://www.reddit.com/r/sysadmin/comments/1lwdv4x/rebuilt_a_legacy_desktop_app_into_a_cloudbased/,sysadmin,top_week,,False,305.29999999999995,0.22305764411027568,4,61.05999999999999
1lv0lh4,Slack is just the worst – and I've used a BBS and 14.4k modem,327,0.84,283,1752009338.0,2025-07-08 17:15:38,17,1,Tuesday,False,Hot_Possibility_7481,True,https://www.reddit.com/r/sysadmin/comments/1lv0lh4/slack_is_just_the_worst_and_ive_used_a_bbs_and/,sysadmin,top_week,,False,313.79999999999995,0.8628048780487805,6,44.82857142857142
1lw4bug,Insider Perspective on Microsoft Layoffs,292,0.81,179,1752123852.0,2025-07-10 01:04:12,1,3,Thursday,False,[deleted],True,https://www.reddit.com/r/sysadmin/comments/1lw4bug/insider_perspective_on_microsoft_layoffs/,sysadmin,top_week,Off Topic,False,258.09999999999997,0.6109215017064846,5,43.01666666666666
1lunyt3,IT staff access to all file shares?,298,0.93,430,1751979681.0,2025-07-08 09:01:21,9,1,Tuesday,False,Lrrr81,True,https://www.reddit.com/r/sysadmin/comments/1lunyt3/it_staff_access_to_all_file_shares/,sysadmin,top_week,,False,337.6,1.4381270903010033,6,48.228571428571435
1luwihe,Is there a simple way to train staff to avoid phishing without boring them to death?,248,0.94,338,1751999820.0,2025-07-08 14:37:00,14,1,Tuesday,False,Necessary-Glove6682,True,https://www.reddit.com/r/sysadmin/comments/1luwihe/is_there_a_simple_way_to_train_staff_to_avoid/,sysadmin,top_week,Question,False,275.0,1.357429718875502,6,39.285714285714285
1lvsk59,No-phone-reachable hobbies for the overworked Sysadmin,211,0.93,416,1752090927.0,2025-07-09 15:55:27,15,2,Wednesday,False,1a2b3c4d_1a2b3c4d,True,https://www.reddit.com/r/sysadmin/comments/1lvsk59/nophonereachable_hobbies_for_the_overworked/,sysadmin,top_week,Question,False,272.5,1.9622641509433962,5,45.416666666666664
1lxhhgk,Anyone else getting idiotic AI formulated project ideas from C-levels?,136,0.96,50,1752265723.0,2025-07-11 16:28:43,16,4,Friday,False,tehnetz,True,https://www.reddit.com/r/sysadmin/comments/1lxhhgk/anyone_else_getting_idiotic_ai_formulated_project/,sysadmin,top_week,Rant,False,110.19999999999999,0.36496350364963503,3,27.549999999999997
1lv1dz1,"It's really nice when money is no object, only deadlines.",131,0.97,43,1752011294.0,2025-07-08 17:48:14,17,1,Tuesday,False,GallowWho,True,https://www.reddit.com/r/sysadmin/comments/1lv1dz1/its_really_nice_when_money_is_no_object_only/,sysadmin,top_week,,False,104.6,0.32575757575757575,6,14.942857142857141
1lx4fx1,How to encourage L1 and L2 not to be dumb,124,0.85,81,1752233368.0,2025-07-11 07:29:28,7,4,Friday,False,Salt-n-Pepper-War,True,https://www.reddit.com/r/sysadmin/comments/1lx4fx1/how_to_encourage_l1_and_l2_not_to_be_dumb/,sysadmin,top_week,Rant,False,111.1,0.648,4,22.22
1lv5v22,Maybe my first screw up….,119,0.9,64,1752023364.0,2025-07-08 21:09:24,21,1,Tuesday,False,No-Channel7736,True,https://www.reddit.com/r/sysadmin/comments/1lv5v22/maybe_my_first_screw_up/,sysadmin,top_week,,False,102.5,0.5333333333333333,6,14.642857142857142
1lvidbv,A day in the life...,117,0.92,36,1752066537.0,2025-07-09 09:08:57,9,2,Wednesday,False,brother_yam,True,https://www.reddit.com/r/sysadmin/comments/1lvidbv/a_day_in_the_life/,sysadmin,top_week,,False,92.69999999999999,0.3050847457627119,5,15.449999999999998
1ly0p0s,What area of IT will you never work in but love educating yourself about and maybe playing with in your home lab?,107,0.93,102,1752327532.0,2025-07-12 09:38:52,9,5,Saturday,True,HappyDadOfFourJesus,True,https://www.reddit.com/r/sysadmin/comments/1ly0p0s/what_area_of_it_will_you_never_work_in_but_love/,sysadmin,top_week,General Discussion,False,105.49999999999999,0.9444444444444444,2,35.166666666666664
1lvxfy8,Do you ever wonder why we’re called sysadmins and not Server Farmers?,101,0.86,78,1752103007.0,2025-07-09 19:16:47,19,2,Wednesday,False,[deleted],True,https://www.reddit.com/r/sysadmin/comments/1lvxfy8/do_you_ever_wonder_why_were_called_sysadmins_and/,sysadmin,top_week,General Discussion,False,94.1,0.7647058823529411,5,15.683333333333332
1lxcbu7,Recent Windows Updates Breaking Visual C++ (MSVCP140.dll),103,0.97,16,1752253447.0,2025-07-11 13:04:07,13,4,Friday,False,austincox1234,True,https://www.reddit.com/r/sysadmin/comments/1lxcbu7/recent_windows_updates_breaking_visual_c/,sysadmin,top_week,Question - Solved,False,76.89999999999999,0.15384615384615385,3,19.224999999999998
1lxfufv,Exams + Company Laptops = What do you do?,89,0.93,110,1752261736.0,2025-07-11 15:22:16,15,4,Friday,False,Normal-Difference230,True,https://www.reddit.com/r/sysadmin/comments/1lxfufv/exams_company_laptops_what_do_you_do/,sysadmin,top_week,,False,95.3,1.2222222222222223,3,23.825
1lvo72k,What’s your go-to tool for secure password sharing across teams?,85,0.9,261,1752080742.0,2025-07-09 13:05:42,13,2,Wednesday,False,Necessary-Glove6682,True,https://www.reddit.com/r/sysadmin/comments/1lvo72k/whats_your_goto_tool_for_secure_password_sharing/,sysadmin,top_week,Question,False,137.79999999999998,3.0348837209302326,5,22.966666666666665
1lvi5gj,WSUS Sync,82,0.93,107,1752065960.0,2025-07-09 08:59:20,8,2,Wednesday,False,ghgard,True,https://www.reddit.com/r/sysadmin/comments/1lvi5gj/wsus_sync/,sysadmin,top_week,,False,89.5,1.2891566265060241,5,14.916666666666666
1lxc11c,Goddamnit Atlassian,80,0.88,27,1752252763.0,2025-07-11 12:52:43,12,4,Friday,False,mpones,True,https://www.reddit.com/r/sysadmin/comments/1lxc11c/goddamnit_atlassian/,sysadmin,top_week,,False,64.1,0.3333333333333333,3,16.025
1lxcpmk,Dell Powerstore vs Pure Storage isn't even close,70,0.87,70,1752254344.0,2025-07-11 13:19:04,13,4,Friday,False,Cartossin,True,https://www.reddit.com/r/sysadmin/comments/1lxcpmk/dell_powerstore_vs_pure_storage_isnt_even_close/,sysadmin,top_week,,False,70.0,0.9859154929577465,3,17.5
1lx5di8,What's a memorable moment where you ate humble pie?,60,0.88,50,1752236244.0,2025-07-11 08:17:24,8,4,Friday,False,2FalseSteps,True,https://www.reddit.com/r/sysadmin/comments/1lx5di8/whats_a_memorable_moment_where_you_ate_humble_pie/,sysadmin,top_week,General Discussion,False,57.0,0.819672131147541,3,14.25
1lvjmz0,Your Opinion on Warning Header on Email,56,0.8,243,1752069878.0,2025-07-09 10:04:38,10,2,Wednesday,False,CapitalG14,True,https://www.reddit.com/r/sysadmin/comments/1lvjmz0/your_opinion_on_warning_header_on_email/,sysadmin,top_week,Question,False,112.1,4.2631578947368425,5,18.683333333333334
1lwp1e4,How are you all handling SPF/DKIM record requests?,53,0.9,74,1752183514.0,2025-07-10 17:38:34,17,3,Thursday,False,RNG_HatesMe,True,https://www.reddit.com/r/sysadmin/comments/1lwp1e4/how_are_you_all_handling_spfdkim_record_requests/,sysadmin,top_week,,False,59.3,1.3703703703703705,4,11.86
1luz877,krbtgt account password reset is it needed?,48,0.82,45,1752006127.0,2025-07-08 16:22:07,16,1,Tuesday,False,jbala28,True,https://www.reddit.com/r/sysadmin/comments/1luz877/krbtgt_account_password_reset_is_it_needed/,sysadmin,top_week,Question,False,47.099999999999994,0.9183673469387755,6,6.728571428571428
1lx5inq,Verizon/internet issues this morning?,50,0.93,167,1752236658.0,2025-07-11 08:24:18,8,4,Friday,False,bberg22,True,https://www.reddit.com/r/sysadmin/comments/1lx5inq/verizoninternet_issues_this_morning/,sysadmin,top_week,,False,85.1,3.2745098039215685,3,21.275
1lxkfmj,Can I claim being a sys admin on my resume?,47,0.77,67,1752273138.0,2025-07-11 18:32:18,18,4,Friday,False,Renascentiae_,True,https://www.reddit.com/r/sysadmin/comments/1lxkfmj/can_i_claim_being_a_sys_admin_on_my_resume/,sysadmin,top_week,Question,False,53.0,1.3958333333333333,3,13.25
1lxd537,What’s the one task you’d happily never do again?,48,0.78,159,1752255349.0,2025-07-11 13:35:49,13,4,Friday,False,EndHaunting5652,True,https://www.reddit.com/r/sysadmin/comments/1lxd537/whats_the_one_task_youd_happily_never_do_again/,sysadmin,top_week,,False,81.29999999999998,3.2448979591836733,3,20.324999999999996
1lwkiou,What would you do with 60 new un-needed Dell monitor stands,50,0.9,128,1752172738.0,2025-07-10 14:38:58,14,3,Thursday,False,hevvypiano,True,https://www.reddit.com/r/sysadmin/comments/1lwkiou/what_would_you_do_with_60_new_unneeded_dell/,sysadmin,top_week,Question,False,73.4,2.5098039215686274,4,14.680000000000001
1lwhwvt,Outlook outage Globally,43,0.86,12,1752166706.0,2025-07-10 12:58:26,12,3,Thursday,False,AppuniAkhil,True,https://www.reddit.com/r/sysadmin/comments/1lwhwvt/outlook_outage_globally/,sysadmin,top_week,Microsoft,False,33.699999999999996,0.2727272727272727,4,6.739999999999999
1lwlihc,How are people logging cybersecurity incidents internally?,34,0.87,37,1752175077.0,2025-07-10 15:17:57,15,3,Thursday,False,Necessary-Glove6682,True,https://www.reddit.com/r/sysadmin/comments/1lwlihc/how_are_people_logging_cybersecurity_incidents/,sysadmin,top_week,Question,False,34.9,1.0571428571428572,4,6.9799999999999995
1lvspgy,Are Network teams usually responsible for UPS maintenance in network closets?,36,0.8,60,1752091275.0,2025-07-09 16:01:15,16,2,Wednesday,False,JonnyLay,True,https://www.reddit.com/r/sysadmin/comments/1lvspgy/are_network_teams_usually_responsible_for_ups/,sysadmin,top_week,,False,43.2,1.6216216216216217,5,7.2
1lw5jt7,Outlook down this AM,30,0.82,88,1752128396.0,2025-07-10 02:19:56,2,3,Thursday,False,thisisrossonomous,True,https://www.reddit.com/r/sysadmin/comments/1lw5jt7/outlook_down_this_am/,sysadmin,top_week,,False,47.4,2.838709677419355,5,7.8999999999999995
1lvhpri,CVE-2025-47981,30,0.82,7,1752064700.0,2025-07-09 08:38:20,8,2,Wednesday,False,elatllat,True,https://www.reddit.com/r/sysadmin/comments/1lvhpri/cve202547981/,sysadmin,top_week,Microsoft,False,23.1,0.22580645161290322,5,3.85
1lup3bp,Has anyone actually got WHfB to work when accessing on-prem?,32,0.84,60,1751982652.0,2025-07-08 09:50:52,9,1,Tuesday,False,Pickle-this1,True,https://www.reddit.com/r/sysadmin/comments/1lup3bp/has_anyone_actually_got_whfb_to_work_when/,sysadmin,top_week,Question,False,40.4,1.8181818181818181,6,5.771428571428571
1lux2a7,Laptop Fleet Refresh,33,0.8,74,1752001080.0,2025-07-08 14:58:00,14,1,Tuesday,False,JamesMcG3,True,https://www.reddit.com/r/sysadmin/comments/1lux2a7/laptop_fleet_refresh/,sysadmin,top_week,General Discussion,False,45.3,2.176470588235294,6,6.471428571428571
1lw7dwz,Migrating old Novell Netware server to VM,30,0.93,81,1752135739.0,2025-07-10 04:22:19,4,3,Thursday,False,amburator7,True,https://www.reddit.com/r/sysadmin/comments/1lw7dwz/migrating_old_novell_netware_server_to_vm/,sysadmin,top_week,,False,45.3,2.6129032258064515,5,7.55
1lvpomj,My first promising interview in a long time,30,0.87,20,1752084160.0,2025-07-09 14:02:40,14,2,Wednesday,False,Doctorpauline,True,https://www.reddit.com/r/sysadmin/comments/1lvpomj/my_first_promising_interview_in_a_long_time/,sysadmin,top_week,Rant,False,27.0,0.6451612903225806,5,4.5
1lutmgq,Have you moved your domain names?,27,0.82,81,1751993254.0,2025-07-08 12:47:34,12,1,Tuesday,False,jws1300,True,https://www.reddit.com/r/sysadmin/comments/1lutmgq/have_you_moved_your_domain_names/,sysadmin,top_week,,False,43.2,2.892857142857143,6,6.171428571428572
1lwck58,Windows Updates Crashing Computers,25,0.92,29,1752153631.0,2025-07-10 09:20:31,9,3,Thursday,False,Ok_Emu_8095,True,https://www.reddit.com/r/sysadmin/comments/1lwck58/windows_updates_crashing_computers/,sysadmin,top_week,,False,26.2,1.1153846153846154,4,5.24
1lxb3ns,"Am I Getting Fucked Friday, July 11th 2025",23,0.97,0,1752250623.0,2025-07-11 12:17:03,12,4,Friday,False,Each1teach1x27,True,https://www.reddit.com/r/sysadmin/comments/1lxb3ns/am_i_getting_fucked_friday_july_11th_2025/,sysadmin,top_week,General Discussion,False,16.099999999999998,0.0,3,4.0249999999999995
1luwo6a,Any updates from Microsoft on DHCP issues caused by recent updates?,23,0.83,5,1752000184.0,2025-07-08 14:43:04,14,1,Tuesday,False,Fit_Lynx9937,True,https://www.reddit.com/r/sysadmin/comments/1luwo6a/any_updates_from_microsoft_on_dhcp_issues_caused/,sysadmin,top_week,Question,False,17.599999999999998,0.20833333333333334,6,2.514285714285714
1luounr,Best Practices for GPO Documentation and Cleanup in AD - WS2016,23,0.9,20,1751982035.0,2025-07-08 09:40:35,9,1,Tuesday,False,condor_bulto,True,https://www.reddit.com/r/sysadmin/comments/1luounr/best_practices_for_gpo_documentation_and_cleanup/,sysadmin,top_week,,False,22.099999999999998,0.8333333333333334,6,3.157142857142857
1lv1951,How is there no decent UI for AppLocker?,20,0.84,21,1752010957.0,2025-07-08 17:42:37,17,1,Tuesday,False,DesignerGoose5903,True,https://www.reddit.com/r/sysadmin/comments/1lv1951/how_is_there_no_decent_ui_for_applocker/,sysadmin,top_week,,False,20.3,1.0,6,2.9
1lw8yf6,Server Room Humidity,20,0.83,35,1752142076.0,2025-07-10 06:07:56,6,3,Thursday,False,unreadable_captcha,True,https://www.reddit.com/r/sysadmin/comments/1lw8yf6/server_room_humidity/,sysadmin,top_week,Question,False,24.5,1.6666666666666667,5,4.083333333333333
1lx2yb7,"Weekly 'I made a useful thing' Thread - July 11, 2025",13,1.0,2,1752228066.0,2025-07-11 06:01:06,6,4,Friday,False,AutoModerator,True,https://www.reddit.com/r/sysadmin/comments/1lx2yb7/weekly_i_made_a_useful_thing_thread_july_11_2025/,sysadmin,top_week,General Discussion,False,9.7,0.14285714285714285,4,1.94
1lwh4cl,Users can't change Entra password,13,0.85,22,1752164823.0,2025-07-10 12:27:03,12,3,Thursday,False,reviewmynotes,True,https://www.reddit.com/r/sysadmin/comments/1lwh4cl/users_cant_change_entra_password/,sysadmin,top_week,,False,15.7,1.5714285714285714,4,3.1399999999999997
1lxcjgy,Basic network switch configuration,10,0.78,17,1752253948.0,2025-07-11 13:12:28,13,4,Friday,False,Real_Excuse_4670,True,https://www.reddit.com/r/sysadmin/comments/1lxcjgy/basic_network_switch_configuration/,sysadmin,top_week,Question,False,12.1,1.5454545454545454,3,3.025
1ly0gbg,Removable Storage Governance/Restrictions,9,0.91,18,1752326834.0,2025-07-12 09:27:14,9,5,Saturday,True,Swimming-Fast,True,https://www.reddit.com/r/sysadmin/comments/1ly0gbg/removable_storage_governancerestrictions/,sysadmin,top_week,,False,11.7,1.8,2,3.9
1lw5u41,Having problems with Miracast since Windows 11 24H2? Add Receiver.exe to firewall rules,9,0.91,0,1752129487.0,2025-07-10 02:38:07,2,3,Thursday,False,RedShift9,True,https://www.reddit.com/r/sysadmin/comments/1lw5u41/having_problems_with_miracast_since_windows_11/,sysadmin,top_week,,False,6.3,0.0,5,1.05
1lw03t8,What does your BYOD program look like?,10,0.67,41,1752110537.0,2025-07-09 21:22:17,21,2,Wednesday,False,Snowdeo720,True,https://www.reddit.com/r/sysadmin/comments/1lw03t8/what_does_your_byod_program_look_like/,sysadmin,top_week,General Discussion,False,19.299999999999997,3.727272727272727,5,3.2166666666666663
1lvd7k3,How do fellow admins manage bitlocker PINs for users?,8,0.7,38,1752048574.0,2025-07-09 04:09:34,4,2,Wednesday,False,kevvie13,True,https://www.reddit.com/r/sysadmin/comments/1lvd7k3/how_do_fellow_admins_manage_bitlocker_pins_for/,sysadmin,top_week,Question,False,17.0,4.222222222222222,6,2.4285714285714284
1luy0cr,Looking for advice on freelancing/MSP,8,0.9,3,1752003275.0,2025-07-08 15:34:35,15,1,Tuesday,False,RoryDaBandit,True,https://www.reddit.com/r/sysadmin/comments/1luy0cr/looking_for_advice_on_freelancingmsp/,sysadmin,top_week,Career / Job Related,False,6.5,0.3333333333333333,6,0.9285714285714286
1lya3b5,Godaddy partial outage? 7-12-25,7,0.77,3,1752351670.0,2025-07-12 16:21:10,16,5,Saturday,True,NNTPgrip,True,https://www.reddit.com/r/sysadmin/comments/1lya3b5/godaddy_partial_outage_71225/,sysadmin,top_week,Question,False,5.799999999999999,0.375,2,1.933333333333333
1lxdgq1,How often do you update staff passwords or review account access?,9,0.74,20,1752256119.0,2025-07-11 13:48:39,13,4,Friday,False,Necessary-Glove6682,True,https://www.reddit.com/r/sysadmin/comments/1lxdgq1/how_often_do_you_update_staff_passwords_or_review/,sysadmin,top_week,Question,False,12.3,2.0,3,3.075
1lwx3yl,Zebra TC57 scanner,7,0.77,4,1752206159.0,2025-07-10 23:55:59,23,3,Thursday,False,nblprovinces69,True,https://www.reddit.com/r/sysadmin/comments/1lwx3yl/zebra_tc57_scanner/,sysadmin,top_week,,False,6.1,0.5,4,1.22
1lw8u3i,"Thickheaded Thursday - July 10, 2025",7,1.0,10,1752141644.0,2025-07-10 06:00:44,6,3,Thursday,False,AutoModerator,True,https://www.reddit.com/r/sysadmin/comments/1lw8u3i/thickheaded_thursday_july_10_2025/,sysadmin,top_week,General Discussion,False,7.8999999999999995,1.25,5,1.3166666666666667
1lw39q6,Google Password Manager,6,0.8,2,1752120258.0,2025-07-10 00:04:18,0,3,Thursday,False,PublicRefrigerator99,True,https://www.reddit.com/r/sysadmin/comments/1lw39q6/google_password_manager/,sysadmin,top_week,Question,False,4.799999999999999,0.2857142857142857,5,0.7999999999999998
1lvxxp0,NVR stream to wall of TVs,7,0.82,15,1752104358.0,2025-07-09 19:39:18,19,2,Wednesday,False,Santitty69,True,https://www.reddit.com/r/sysadmin/comments/1lvxxp0/nvr_stream_to_wall_of_tvs/,sysadmin,top_week,Question,False,9.399999999999999,1.875,5,1.5666666666666664
1lwb9h8,Tech Gadgets,6,0.62,33,1752149940.0,2025-07-10 08:19:00,8,3,Thursday,False,Excellent_Age_2706,True,https://www.reddit.com/r/sysadmin/comments/1lwb9h8/tech_gadgets/,sysadmin,top_week,,False,14.1,4.714285714285714,4,2.82
1lvo8uz,Server 2025 Guest on Hyper-V - Black Screen on Boot,7,0.82,18,1752080856.0,2025-07-09 13:07:36,13,2,Wednesday,False,--turtle,True,https://www.reddit.com/r/sysadmin/comments/1lvo8uz/server_2025_guest_on_hyperv_black_screen_on_boot/,sysadmin,top_week,,False,10.299999999999999,2.25,5,1.7166666666666666
1lvh4u6,Give Me Your Cable Management Recs,7,0.67,25,1752063002.0,2025-07-09 08:10:02,8,2,Wednesday,False,repooc21,True,https://www.reddit.com/r/sysadmin/comments/1lvh4u6/give_me_your_cable_management_recs/,sysadmin,top_week,Question,False,12.399999999999999,3.125,5,2.0666666666666664
1lvfop4,Is there an easy way to visualise the export of Teams data from a PST?,5,0.78,13,1752058230.0,2025-07-09 06:50:30,6,2,Wednesday,False,DeifniteProfessional,True,https://www.reddit.com/r/sysadmin/comments/1lvfop4/is_there_an_easy_way_to_visualise_the_export_of/,sysadmin,top_week,Question,False,7.4,2.1666666666666665,6,1.0571428571428572
1lozykk,IT needs a union,3501,0.88,888,1751371712.0,2025-07-01 08:08:32,8,1,Tuesday,False,Powerful-Excuse-4817,True,https://www.reddit.com/r/sysadmin/comments/1lozykk/it_needs_a_union/,sysadmin,top_month,Rant,False,2717.1,0.2535693889206168,14,181.14
1lkdlt6,Employer invoking Return to Office policy eliminating WFH starting in 2026. Myself and other sys admins will be refusing overtime and emergency callouts as a result,1894,0.94,752,1750876352.0,2025-06-25 14:32:32,14,2,Wednesday,False,jefsaylo,True,https://www.reddit.com/r/sysadmin/comments/1lkdlt6/employer_invoking_return_to_office_policy/,sysadmin,top_month,Workplace Conditions,False,1551.3999999999999,0.39683377308707124,19,77.57
1lih71u,"Hey, you work in IT right?",1483,0.95,549,1750686864.0,2025-06-23 09:54:24,9,0,Monday,False,GLotsapot,True,https://www.reddit.com/r/sysadmin/comments/1lih71u/hey_you_work_in_it_right/,sysadmin,top_month,,False,1202.8,0.36994609164420483,21,54.67272727272727
1lcpwwk,My boss passed away suddenly. What do I do next?,1448,0.97,216,1750071837.0,2025-06-16 07:03:57,7,0,Monday,False,Lonecoon,True,https://www.reddit.com/r/sysadmin/comments/1lcpwwk/my_boss_passed_away_suddenly_what_do_i_do_next/,sysadmin,top_month,,False,1078.3999999999999,0.14906832298136646,29,35.946666666666665
1lf70zo,Computers are overheating!,1436,0.98,113,1750327421.0,2025-06-19 06:03:41,6,3,Thursday,False,mahsab,True,https://www.reddit.com/r/sysadmin/comments/1lf70zo/computers_are_overheating/,sysadmin,top_month,,False,1039.1,0.07863604732080724,26,38.48518518518518
1ltj66a,Made a huge mistake - thinking of calling it quits,1245,0.97,692,1751856421.0,2025-07-06 22:47:01,22,6,Sunday,True,m1nd_salt,True,https://www.reddit.com/r/sysadmin/comments/1ltj66a/made_a_huge_mistake_thinking_of_calling_it_quits/,sysadmin,top_month,,False,1079.1,0.5553772070626003,8,119.89999999999999
1lm3fx8,"Changing the office.com portal is stupid and, excuse me F*CKING dangerous thanks MS.",1242,0.97,301,1751054167.0,2025-06-27 15:56:07,15,4,Friday,False,splntz,True,https://www.reddit.com/r/sysadmin/comments/1lm3fx8/changing_the_officecom_portal_is_stupid_and/,sysadmin,top_month,Microsoft,False,959.6999999999999,0.24215607401448108,17,53.31666666666666
1lgotgk,One of our two data centers got smoked,1212,0.98,171,1750483189.0,2025-06-21 01:19:49,1,5,Saturday,True,_Xephyr_,True,https://www.reddit.com/r/sysadmin/comments/1lgotgk/one_of_our_two_data_centers_got_smoked/,sysadmin,top_month,Off Topic,False,899.6999999999999,0.14097279472382523,24,35.988
1legkms,I thought I'd seen it all...,1184,0.97,165,1750251863.0,2025-06-18 09:04:23,9,2,Wednesday,False,jimboslice_007,True,https://www.reddit.com/r/sysadmin/comments/1legkms/i_thought_id_seen_it_all/,sysadmin,top_month,,False,878.3,0.13924050632911392,26,32.529629629629625
1le5ibq,Google’s ‘udm=56’ parameter unlocks cleaner and alternate search views,1071,0.98,86,1750212549.0,2025-06-17 22:09:09,22,1,Tuesday,False,send_me_a_ticket,True,https://www.reddit.com/r/sysadmin/comments/1le5ibq/googles_udm56_parameter_unlocks_cleaner_and/,sysadmin,top_month,General Discussion,False,775.4999999999999,0.08022388059701492,27,27.696428571428566
1lg9hj6,Getting Paid Six Figures to do Nothing,1002,0.91,387,1750439661.0,2025-06-20 13:14:21,13,4,Friday,False,SuccessfulLime2641,True,https://www.reddit.com/r/sysadmin/comments/1lg9hj6/getting_paid_six_figures_to_do_nothing/,sysadmin,top_month,,False,817.5,0.38584247258225324,24,32.7
1lgfppl,VMware is such a joke now,861,0.96,216,1750455182.0,2025-06-20 17:33:02,17,4,Friday,False,brandonw00,True,https://www.reddit.com/r/sysadmin/comments/1lgfppl/vmware_is_such_a_joke_now/,sysadmin,top_month,Rant,False,667.4999999999999,0.2505800464037123,24,26.699999999999996
1ln1hwd,Proud IT Papa,846,0.94,50,1751156542.0,2025-06-28 20:22:22,20,5,Saturday,True,Neilpuck,True,https://www.reddit.com/r/sysadmin/comments/1ln1hwd/proud_it_papa/,sysadmin,top_month,Off Topic,False,607.1999999999999,0.0590318772136954,16,35.71764705882352
1le8r1v,Heads-up for anyone still handing out IPs with Windows DHCP,765,0.98,283,1750223105.0,2025-06-18 01:05:05,1,2,Wednesday,False,troublefreetech,True,https://www.reddit.com/r/sysadmin/comments/1le8r1v/headsup_for_anyone_still_handing_out_ips_with/,sysadmin,top_month,General Discussion,False,620.4,0.36945169712793735,27,22.157142857142855
1lk78u6,"Do any of you guys walk into a hotel, restaurant, or supermarket and immediately start mentally mapping/judging their infrastructure?",751,0.92,282,1750861879.0,2025-06-25 10:31:19,10,2,Wednesday,False,WoodenAlternative212,True,https://www.reddit.com/r/sysadmin/comments/1lk78u6/do_any_of_you_guys_walk_into_a_hotel_restaurant/,sysadmin,top_month,General Discussion,False,610.3,0.375,19,30.514999999999997
1llg01m,VMware perpetual license holder receives audit letter,745,0.97,346,1750983322.0,2025-06-26 20:15:22,20,3,Thursday,False,maniac_me,True,https://www.reddit.com/r/sysadmin/comments/1llg01m/vmware_perpetual_license_holder_receives_audit/,sysadmin,top_month,,False,625.3,0.46380697050938335,18,32.91052631578947
1ld0acr,HR denied promotion,725,0.95,443,1750097685.0,2025-06-16 14:14:45,14,0,Monday,False,jayxjackson,True,https://www.reddit.com/r/sysadmin/comments/1ld0acr/hr_denied_promotion/,sysadmin,top_month,,False,640.4,0.6101928374655647,28,22.082758620689653
1lnkvtz,Let's Encrypt officially states that the cert expiration emails have been sacked.,721,0.95,232,1751219462.0,2025-06-29 13:51:02,13,6,Sunday,True,techvet83,True,https://www.reddit.com/r/sysadmin/comments/1lnkvtz/lets_encrypt_officially_states_that_the_cert/,sysadmin,top_month,,False,574.3,0.32132963988919666,15,35.89375
1logopm,When end users think Outlook is a hard drive (and basic email physics don’t exist),703,0.93,246,1751311492.0,2025-06-30 15:24:52,15,0,Monday,False,SuccessfulLime2641,True,https://www.reddit.com/r/sysadmin/comments/1logopm/when_end_users_think_outlook_is_a_hard_drive_and/,sysadmin,top_month,,False,565.9,0.3494318181818182,14,37.72666666666667
1llbr7j,TIFU by telling my coworker to put in a ticket for his car air-conditioning.,698,0.94,85,1750972135.0,2025-06-26 17:08:55,17,3,Thursday,False,Ragepower529,True,https://www.reddit.com/r/sysadmin/comments/1llbr7j/tifu_by_telling_my_coworker_to_put_in_a_ticket/,sysadmin,top_month,Off Topic,False,514.0999999999999,0.12160228898426323,18,27.0578947368421
1lgfh3r,"Pet peeve: App stores shouldn't place ads as the first result when you search ""Microsoft Authenticator""",623,0.98,68,1750454562.0,2025-06-20 17:22:42,17,4,Friday,False,gbarnick,True,https://www.reddit.com/r/sysadmin/comments/1lgfh3r/pet_peeve_app_stores_shouldnt_place_ads_as_the/,sysadmin,top_month,,False,456.49999999999994,0.10897435897435898,24,18.259999999999998
1lh6b29,I don't understand how people in technical roles don't know fundamentals needed to figure stuff out.,619,0.91,439,1750538500.0,2025-06-21 16:41:40,16,5,Saturday,True,OnlyWest1,True,https://www.reddit.com/r/sysadmin/comments/1lh6b29/i_dont_understand_how_people_in_technical_roles/,sysadmin,top_month,Rant,False,565.0,0.7080645161290322,23,23.541666666666668
1ll5zm8,Lol at job postings for Systems Admin positions,566,0.96,328,1750958508.0,2025-06-26 13:21:48,13,3,Thursday,False,Efficient_IT,True,https://www.reddit.com/r/sysadmin/comments/1ll5zm8/lol_at_job_postings_for_systems_admin_positions/,sysadmin,top_month,,False,494.59999999999997,0.5784832451499118,18,26.03157894736842
1lqoo4r,"Microsoft to cut up to 9,000 more jobs as it invests in AI",560,0.94,320,1751546732.0,2025-07-03 08:45:32,8,3,Thursday,False,Few_Mouse67,True,https://www.reddit.com/r/sysadmin/comments/1lqoo4r/microsoft_to_cut_up_to_9000_more_jobs_as_it/,sysadmin,top_month,,False,488.0,0.5704099821746881,11,40.666666666666664
1ldzpvb,First ransomware attack,540,0.94,368,1750196384.0,2025-06-17 17:39:44,17,1,Tuesday,False,IntrepidCress5097,True,https://www.reddit.com/r/sysadmin/comments/1ldzpvb/first_ransomware_attack/,sysadmin,top_month,,False,488.4,0.6802218114602587,27,17.442857142857143
1likp1f,"emotional toll of working with ""dead man walking"" coworkers",529,0.96,274,1750695040.0,2025-06-23 12:10:40,12,0,Monday,False,e7c2,True,https://www.reddit.com/r/sysadmin/comments/1likp1f/emotional_toll_of_working_with_dead_man_walking/,sysadmin,top_month,,False,452.49999999999994,0.5169811320754717,21,20.568181818181817
1liv4to,Farewell r/sysadmin,521,0.87,107,1750719317.0,2025-06-23 18:55:17,18,0,Monday,False,SimpleSimon3_14,True,https://www.reddit.com/r/sysadmin/comments/1liv4to/farewell_rsysadmin/,sysadmin,top_month,,False,396.8,0.2049808429118774,21,18.036363636363635
1lew7z4,What are the small (possibly free) tools that make your life so much easier?,516,0.98,391,1750290188.0,2025-06-18 19:43:08,19,2,Wednesday,False,Lanky-Bull1279,True,https://www.reddit.com/r/sysadmin/comments/1lew7z4/what_are_the_small_possibly_free_tools_that_make/,sysadmin,top_month,General Discussion,False,478.5,0.7562862669245648,26,17.72222222222222
1lcoqba,Almost 60,505,0.96,125,1750067539.0,2025-06-16 05:52:19,5,0,Monday,False,hiroller400,True,https://www.reddit.com/r/sysadmin/comments/1lcoqba/almost_60/,sysadmin,top_month,Off Topic,False,391.0,0.24703557312252963,29,13.033333333333333
1lkzef2,"How would you deal with an organization that started rejecting the concept of submitting issues as tickets, including the head of IT?",493,0.97,459,1750942446.0,2025-06-26 08:54:06,8,3,Thursday,False,Physical-Modeler,True,https://www.reddit.com/r/sysadmin/comments/1lkzef2/how_would_you_deal_with_an_organization_that/,sysadmin,top_month,General Discussion,False,482.79999999999995,0.9291497975708503,18,25.410526315789472
1llx8lc,Security team about to implement a 90-day password policy...,489,0.91,622,1751039211.0,2025-06-27 11:46:51,11,4,Friday,False,turtles122,True,https://www.reddit.com/r/sysadmin/comments/1llx8lc/security_team_about_to_implement_a_90day_password/,sysadmin,top_month,General Discussion,False,528.9,1.2693877551020407,17,29.383333333333333
1lcz153,Office.com is now the homepage for Microsoft 365 CoPilot… no more shortcuts to all the apps 🤦‍♂️,484,0.96,117,1750094977.0,2025-06-16 13:29:37,13,0,Monday,False,Next-Landscape-9884,True,https://www.reddit.com/r/sysadmin/comments/1lcz153/officecom_is_now_the_homepage_for_microsoft_365/,sysadmin,top_month,,False,373.9,0.24123711340206186,28,12.89310344827586
1lqjrgo,"Microsoft Denied Responsibility for 38-Day Exchange Online Outage, Reclassified as ""CPE"" to Avoid SLA Credits and Compensation",477,0.8,442,1751528928.0,2025-07-03 03:48:48,3,3,Thursday,False,rubixstudios,True,https://www.reddit.com/r/sysadmin/comments/1lqjrgo/microsoft_denied_responsibility_for_38day/,sysadmin,top_month,General Discussion,False,466.5,0.9246861924686193,12,35.88461538461539
1luctyn,"Putty, keep an eye on your downloads.",475,0.95,211,1751940539.0,2025-07-07 22:08:59,22,0,Monday,False,gangaskan,True,https://www.reddit.com/r/sysadmin/comments/1luctyn/putty_keep_an_eye_on_your_downloads/,sysadmin,top_month,,False,395.8,0.4432773109243697,7,49.475
1lpq8cd,Really sick of AI being used for the wrong answers,468,0.94,171,1751443794.0,2025-07-02 04:09:54,4,2,Wednesday,False,Pump_9,True,https://www.reddit.com/r/sysadmin/comments/1lpq8cd/really_sick_of_ai_being_used_for_the_wrong_answers/,sysadmin,top_month,,False,378.9,0.3646055437100213,13,27.064285714285713
1lh47bq,Claude is so BRILLIANT... It will surely take all of our jobs soon!,456,0.87,199,1750532778.0,2025-06-21 15:06:18,15,5,Saturday,True,iansaul,True,https://www.reddit.com/r/sysadmin/comments/1lh47bq/claude_is_so_brilliant_it_will_surely_take_all_of/,sysadmin,top_month,,False,378.9,0.43544857768052514,23,15.7875
1lhoccu,Have a summer student and wish they would stay forever. A love letter to competence.,427,0.97,39,1750600182.0,2025-06-22 09:49:42,9,6,Sunday,True,Dereksversion,True,https://www.reddit.com/r/sysadmin/comments/1lhoccu/have_a_summer_student_and_wish_they_would_stay/,sysadmin,top_month,General Discussion,False,310.59999999999997,0.0911214953271028,22,13.504347826086954
1lg5kxz,The one server you can’t touch,407,0.97,311,1750430189.0,2025-06-20 10:36:29,10,4,Friday,False,Cold-Pineapple-8884,True,https://www.reddit.com/r/sysadmin/comments/1lg5kxz/the_one_server_you_cant_touch/,sysadmin,top_month,,False,378.2,0.7622549019607843,24,15.128
1lpwpt6,It's hard to find value in IT...,398,0.92,194,1751465064.0,2025-07-02 10:04:24,10,2,Wednesday,False,Paintrain8284,True,https://www.reddit.com/r/sysadmin/comments/1lpwpt6/its_hard_to_find_value_in_it/,sysadmin,top_month,Rant,False,336.79999999999995,0.48621553884711777,12,25.907692307692304
1ltyhxr,No blame culture at Wimbledon,394,0.93,133,1751905208.0,2025-07-07 12:20:08,12,0,Monday,False,GodAtum,True,https://www.reddit.com/r/sysadmin/comments/1ltyhxr/no_blame_culture_at_wimbledon/,sysadmin,top_month,General Discussion,False,315.69999999999993,0.3367088607594937,7,39.46249999999999
1ldi7md,"New job as an internal IT Manager, but EVERYTHING is managed by an MSP",392,0.96,238,1750150576.0,2025-06-17 04:56:16,4,1,Tuesday,False,ThatAJC88,True,https://www.reddit.com/r/sysadmin/comments/1ldi7md/new_job_as_an_internal_it_manager_but_everything/,sysadmin,top_month,,False,345.79999999999995,0.6055979643765903,28,11.924137931034481
1lp4dn8,Did anyone else's company CEO give junk to the IT department?,375,0.94,161,1751383128.0,2025-07-01 11:18:48,11,1,Tuesday,False,kirsion,True,https://www.reddit.com/r/sysadmin/comments/1lp4dn8/did_anyone_elses_company_ceo_give_junk_to_the_it/,sysadmin,top_month,,False,310.8,0.42819148936170215,13,22.2
1lt3ua7,Can I still build an IT career at age 33 after getting clean from a decade of crystal meth and morphine addiction?,372,0.79,278,1751815414.0,2025-07-06 11:23:34,11,6,Sunday,True,CokedUpRepublican,True,https://www.reddit.com/r/sysadmin/comments/1lt3ua7/can_i_still_build_an_it_career_at_age_33_after/,sysadmin,top_month,,False,343.79999999999995,0.7453083109919572,8,38.199999999999996
1lhunlj,I think I’ve outgrown laptops… or at least using them like laptops. I feel dirty.,369,0.88,328,1750616249.0,2025-06-22 14:17:29,14,6,Sunday,True,jdlnewborn,True,https://www.reddit.com/r/sysadmin/comments/1lhunlj/i_think_ive_outgrown_laptops_or_at_least_using/,sysadmin,top_month,General Discussion,False,356.7,0.8864864864864865,22,15.508695652173913
1llwkqz,Zoom could not have planned this better,356,0.95,48,1751037646.0,2025-06-27 11:20:46,11,4,Friday,False,BeilFarmstrong,True,https://www.reddit.com/r/sysadmin/comments/1llwkqz/zoom_could_not_have_planned_this_better/,sysadmin,top_month,Rant,False,263.59999999999997,0.13445378151260504,17,14.644444444444442
1lp92t1,Why are my senior coworkers suddenly giving up?,349,0.91,319,1751393778.0,2025-07-01 14:16:18,14,1,Tuesday,False,TrueMythos,True,https://www.reddit.com/r/sysadmin/comments/1lp92t1/why_are_my_senior_coworkers_suddenly_giving_up/,sysadmin,top_month,,False,340.0,0.9114285714285715,13,24.285714285714285
1lh6vlx,"Exchange Server down, database unrepairable",347,0.96,157,1750540067.0,2025-06-21 17:07:47,17,5,Saturday,True,Megax1234,True,https://www.reddit.com/r/sysadmin/comments/1lh6vlx/exchange_server_down_database_unrepairable/,sysadmin,top_month,,False,290.0,0.4511494252873563,23,12.083333333333334
1lu47t8,"Odd Powershell script running on a user's machine, thoughts?",341,0.97,124,1751918160.0,2025-07-07 15:56:00,15,0,Monday,False,ladder_filter,True,https://www.reddit.com/r/sysadmin/comments/1lu47t8/odd_powershell_script_running_on_a_users_machine/,sysadmin,top_month,Question,False,275.9,0.36257309941520466,7,34.4875
1lfl779,You refused to do,342,0.95,325,1750364997.0,2025-06-19 16:29:57,16,3,Thursday,False,Ivy1974,True,https://www.reddit.com/r/sysadmin/comments/1lfl779/you_refused_to_do/,sysadmin,top_month,General Discussion,False,336.9,0.9475218658892128,25,12.957692307692307
1ldtjr2,Anyone else think the AI marketing campaign is absolutely subsisted and ridiculous?,340,0.92,262,1750181911.0,2025-06-17 13:38:31,13,1,Tuesday,False,juicewrld22,True,https://www.reddit.com/r/sysadmin/comments/1ldtjr2/anyone_else_think_the_ai_marketing_campaign_is/,sysadmin,top_month,ChatGPT,False,316.59999999999997,0.7683284457478006,27,11.307142857142855
1lkv95l,Conversation with a dumb Microsoft engineer today,330,0.89,146,1750928301.0,2025-06-26 04:58:21,4,3,Thursday,False,requiemofthesoul,True,https://www.reddit.com/r/sysadmin/comments/1lkv95l/conversation_with_a_dumb_microsoft_engineer_today/,sysadmin,top_month,Rant,False,274.79999999999995,0.44108761329305135,19,13.739999999999998
1lg573n,What hidden SysAdmin GitHub Repo/Scripts have you collected that you are willing to share?,311,0.97,47,1750429224.0,2025-06-20 10:20:24,10,4,Friday,False,Timziito,True,https://www.reddit.com/r/sysadmin/comments/1lg573n/what_hidden_sysadmin_github_reposcripts_have_you/,sysadmin,top_month,General Discussion,False,231.79999999999998,0.15064102564102563,24,9.271999999999998
1lneu2t,Fumbled a basic interview question.,315,0.94,315,1751204104.0,2025-06-29 09:35:04,9,6,Sunday,True,meesersloth,True,https://www.reddit.com/r/sysadmin/comments/1lneu2t/fumbled_a_basic_interview_question/,sysadmin,top_month,,False,315.0,0.9968354430379747,15,19.6875
1ldp297,How is it that I'm making more money while doing less...?,316,0.94,73,1750171641.0,2025-06-17 10:47:21,10,1,Tuesday,False,shiraco415,True,https://www.reddit.com/r/sysadmin/comments/1ldp297/how_is_it_that_im_making_more_money_while_doing/,sysadmin,top_month,Workplace Conditions,False,243.1,0.2302839116719243,27,8.682142857142857
1lqa1kk,Good users do exist,313,0.95,70,1751497233.0,2025-07-02 19:00:33,19,2,Wednesday,False,weanis2,True,https://www.reddit.com/r/sysadmin/comments/1lqa1kk/good_users_do_exist/,sysadmin,top_month,General Discussion,False,240.1,0.2229299363057325,12,18.46923076923077
1lk7sjm,a client’s data vanished... turns out the “archive” button deleted rows in prod,308,0.96,30,1750863182.0,2025-06-25 10:53:02,10,2,Wednesday,False,Fabulous_Bluebird931,True,https://www.reddit.com/r/sysadmin/comments/1lk7sjm/a_clients_data_vanished_turns_out_the_archive/,sysadmin,top_month,,False,224.6,0.0970873786407767,19,11.23
1let0jv,Microsoft has come full circle.,297,0.94,71,1750281733.0,2025-06-18 17:22:13,17,2,Wednesday,False,Drfiasco,True,https://www.reddit.com/r/sysadmin/comments/1let0jv/microsoft_has_come_full_circle/,sysadmin,top_month,,False,229.2,0.23825503355704697,26,8.488888888888889
1lr9n10,Has anyone ever made things so efficient they lost their job?,269,0.94,121,1751602825.0,2025-07-04 00:20:25,0,4,Friday,False,Mr_Dobalina71,True,https://www.reddit.com/r/sysadmin/comments/1lr9n10/has_anyone_ever_made_things_so_efficient_they/,sysadmin,top_month,General Discussion,False,224.59999999999997,0.44814814814814813,11,18.716666666666665
1ld9yeg,My inBOX isS FULL,266,0.87,241,1750121742.0,2025-06-16 20:55:42,20,0,Monday,False,Paintrain8284,True,https://www.reddit.com/r/sysadmin/comments/1ld9yeg/my_inbox_iss_full/,sysadmin,top_month,,False,258.5,0.9026217228464419,28,8.913793103448276
1lp4e7d,I mistakenly shared a PFX file generated by our enterprise production CA server,267,0.95,104,1751383163.0,2025-07-01 11:19:23,11,1,Tuesday,False,Yaseen743,True,https://www.reddit.com/r/sysadmin/comments/1lp4e7d/i_mistakenly_shared_a_pfx_file_generated_by_our/,sysadmin,top_month,Question,False,218.09999999999997,0.3880597014925373,13,15.578571428571426
1lsivr9,"Entra 365 Emergency break glass Access account blocked during a test due to unfamiliar login, how to prevent in actual emergency",260,0.96,51,1751746225.0,2025-07-05 16:10:25,16,5,Saturday,True,Tuivian,True,https://www.reddit.com/r/sysadmin/comments/1lsivr9/entra_365_emergency_break_glass_access_account/,sysadmin,top_month,,False,197.3,0.19540229885057472,9,19.73
1lnyq5u,Mangers how do you deal with sloppy work sysadmins?,245,0.84,159,1751258457.0,2025-06-30 00:40:57,0,0,Monday,False,Mysterious_Teach8279,True,https://www.reddit.com/r/sysadmin/comments/1lnyq5u/mangers_how_do_you_deal_with_sloppy_work_sysadmins/,sysadmin,top_month,,False,219.2,0.6463414634146342,15,13.7
1lkyv4y,Shortest time you've stayed at an IT job?,242,0.96,438,1750940888.0,2025-06-26 08:28:08,8,3,Thursday,False,mulumboism,True,https://www.reddit.com/r/sysadmin/comments/1lkyv4y/shortest_time_youve_stayed_at_an_it_job/,sysadmin,top_month,,False,300.79999999999995,1.8024691358024691,18,15.831578947368419
1llqxph,"What's your non Reddit ""go-to"" for IT/Tech News these days?",235,0.96,132,1751021799.0,2025-06-27 06:56:39,6,4,Friday,False,WelshRareDit,True,https://www.reddit.com/r/sysadmin/comments/1llqxph/whats_your_non_reddit_goto_for_ittech_news_these/,sysadmin,top_month,General Discussion,False,204.1,0.559322033898305,18,10.742105263157894
1lo6mxa,Bluebeam is down. Looks like someone forgot to renew their domain. No big deal.,228,0.97,71,1751287673.0,2025-06-30 08:47:53,8,0,Monday,False,Jeebus_Juice813420,True,https://www.reddit.com/r/sysadmin/comments/1lo6mxa/bluebeam_is_down_looks_like_someone_forgot_to/,sysadmin,top_month,,False,180.9,0.31004366812227074,14,12.06
1liwwsu,Any retired sysadmins still hanging around this sun?,220,0.92,231,1750724161.0,2025-06-23 20:16:01,20,0,Monday,False,DontForgetTheDivy,True,https://www.reddit.com/r/sysadmin/comments/1liwwsu/any_retired_sysadmins_still_hanging_around_this/,sysadmin,top_month,,False,223.3,1.0452488687782806,21,10.15
1lg6eg1,"""Minor Production Update"" brings down our IVR payments for 24 hours. Vendor's support blames us, then asks us to pull data from their own customer portal. Total dollar impact was nearly $140k.",223,0.96,57,1750432203.0,2025-06-20 11:10:03,11,4,Friday,False,Iswitt,True,https://www.reddit.com/r/sysadmin/comments/1lg6eg1/minor_production_update_brings_down_our_ivr/,sysadmin,top_month,Rant,False,173.2,0.2544642857142857,24,6.928
1lqqgs5,How are my healthcare IT/sysadmin folks doing? Is the potential of the Big Beautiful bill being passed going to affect you?,218,0.76,381,1751551552.0,2025-07-03 10:05:52,10,3,Thursday,False,Unfair_River_1141,True,https://www.reddit.com/r/sysadmin/comments/1lqqgs5/how_are_my_healthcare_itsysadmin_folks_doing_is/,sysadmin,top_month,,False,266.9,1.7397260273972603,11,22.241666666666664
1libhi5,Is it possible to not require phones for staff? Weird problem I guess..,206,0.91,204,1750668289.0,2025-06-23 04:44:49,4,0,Monday,False,O365-Zende,True,https://www.reddit.com/r/sysadmin/comments/1libhi5/is_it_possible_to_not_require_phones_for_staff/,sysadmin,top_month,Question,False,205.39999999999998,0.9855072463768116,22,8.930434782608694
1ltna4c,This high end server runs everything. Should the company upgrade?,204,0.94,77,1751870757.0,2025-07-07 02:45:57,2,0,Monday,False,Novapixel1010,True,https://www.reddit.com/r/sysadmin/comments/1ltna4c/this_high_end_server_runs_everything_should_the/,sysadmin,top_month,Off Topic,False,165.89999999999998,0.375609756097561,8,18.43333333333333
1lrzu2u,Modern IT infrastructure,190,0.91,63,1751683737.0,2025-07-04 22:48:57,22,4,Friday,False,phenom01,True,https://www.reddit.com/r/sysadmin/comments/1lrzu2u/modern_it_infrastructure/,sysadmin,top_month,Question,False,151.9,0.3298429319371728,10,13.80909090909091
1ljc0i9,Iranian Traffic,190,0.88,158,1750773953.0,2025-06-24 10:05:53,10,1,Tuesday,False,dietcheese,True,https://www.reddit.com/r/sysadmin/comments/1ljc0i9/iranian_traffic/,sysadmin,top_month,,False,180.4,0.8272251308900523,20,8.59047619047619
1le0ww7,The new Purvue content search is hot diarrhea garbage,185,0.96,39,1750199407.0,2025-06-17 18:30:07,18,1,Tuesday,False,manvscar,True,https://www.reddit.com/r/sysadmin/comments/1le0ww7/the_new_purvue_content_search_is_hot_diarrhea/,sysadmin,top_month,,False,141.2,0.20967741935483872,27,5.042857142857143
1llqs8k,Dev how do you guys stay healthy?,179,0.86,318,1751021240.0,2025-06-27 06:47:20,6,4,Friday,False,tilson73,True,https://www.reddit.com/r/sysadmin/comments/1llqs8k/dev_how_do_you_guys_stay_healthy/,sysadmin,top_month,Question,False,220.7,1.7666666666666666,18,11.61578947368421
1lk11jq,"Hackathon challenge: Monitor EKS with literally just bash (no joke, it worked)",179,0.92,41,1750843443.0,2025-06-25 05:24:03,5,2,Wednesday,False,Dense_Bad_8897,True,https://www.reddit.com/r/sysadmin/comments/1lk11jq/hackathon_challenge_monitor_eks_with_literally/,sysadmin,top_month,General Discussion,False,137.6,0.22777777777777777,20,6.552380952380952
1lpgmnq,Company hires IT without knowing where they belong in the budget...is this normal?,178,0.96,68,1751412043.0,2025-07-01 19:20:43,19,1,Tuesday,False,Mindless_Software_99,True,https://www.reddit.com/r/sysadmin/comments/1lpgmnq/company_hires_it_without_knowing_where_they/,sysadmin,top_month,General Discussion,False,145.0,0.37988826815642457,13,10.357142857142858
1lqlcwg,"Started a new job focusing on Intune, but 5 weeks in I’m just sitting here bored.",169,0.91,58,1751535462.0,2025-07-03 05:37:42,5,3,Thursday,False,MayDay__,True,https://www.reddit.com/r/sysadmin/comments/1lqlcwg/started_a_new_job_focusing_on_intune_but_5_weeks/,sysadmin,top_month,,False,135.7,0.3411764705882353,12,10.438461538461537
1loomde,Did EVERYONE start at helpdesk?,169,0.87,363,1751331729.0,2025-06-30 21:02:09,21,0,Monday,False,Roadstag,True,https://www.reddit.com/r/sysadmin/comments/1loomde/did_everyone_start_at_helpdesk/,sysadmin,top_month,,False,227.2,2.135294117647059,14,15.146666666666667
1ll0x13,"What IT asset management software do you use, and would you recommend it?",164,0.97,103,1750946504.0,2025-06-26 10:01:44,10,3,Thursday,False,LinesOnMaps,True,https://www.reddit.com/r/sysadmin/comments/1ll0x13/what_it_asset_management_software_do_you_use_and/,sysadmin,top_month,Question,False,145.7,0.6242424242424243,18,7.668421052631579
1lrq17k,Just have to rant,161,0.89,82,1751654157.0,2025-07-04 14:35:57,14,4,Friday,False,Boulang,True,https://www.reddit.com/r/sysadmin/comments/1lrq17k/just_have_to_rant/,sysadmin,top_month,,False,137.29999999999998,0.5061728395061729,10,12.48181818181818
1lj194v,Linux Dad Joke,162,0.8,49,1750737221.0,2025-06-23 23:53:41,23,0,Monday,False,dverbern,True,https://www.reddit.com/r/sysadmin/comments/1lj194v/linux_dad_joke/,sysadmin,top_month,,False,128.1,0.3006134969325153,21,5.822727272727272
